Juice,Cheese,Yogurt,Milk,Beef,Bread,Chicken,Chips
Milk,Bread,Chicken,Soda,Yogurt,Chips,Beef,Cookies,Juice,Cheese
Beef
Beef,Chicken,Cookies,Soda
Chips,Cheese,Beef
Bread,Beef,Soda,Cookies,Milk,Chips,Cheese,Yogurt
Chips,Bread,Milk,Soda,Cheese,Yogurt,Cookies,Juice
Beef,Milk,Bread,Chicken,Chips,Yogurt,Cookies,Cheese,Juice,Soda
Cookies,Milk,Yogurt,Beef,Chicken,Juice,Cheese,Soda
Milk,Bread,Yogurt
Chicken
Soda,Juice,Cheese
Cookies,Bread,Chips,Soda,Beef,Chicken,Milk,Yogurt,Cheese,Juice
Beef,Yogurt,Cookies
Chips
Milk,Chicken,Chips,Beef,Yogurt,Cookies,Soda
Chips,Juice,Bread
Beef,Cookies,Chicken,Bread
Bread,Yogurt,Beef,Milk,Chicken
Yogurt,Bread,Soda,Beef,Chicken,Milk,Chips,Juice,Cookies,Cheese
